{
  "accuracy": [
    0.3469741940498352,
    0.4489087164402008,
    0.4404761791229248,
    0.4769345223903656,
    0.4697420597076416,
    0.4392361044883728,
    0.4794146716594696,
    0.472470223903656,
    0.4779265820980072,
    0.5014880895614624,
    0.4657738208770752,
    0.4588293731212616,
    0.4766865074634552,
    0.4776785671710968,
    0.4789186418056488,
    0.5071924328804016,
    0.5210813283920288,
    0.50942462682724,
    0.5186011791229248,
    0.5163690447807312
  ],
  "loss": [
    26.169923782348633,
    13.262125015258789,
    8.01170825958252,
    5.897361755371094,
    4.802038669586182,
    3.660400152206421,
    2.7704334259033203,
    1.5151880979537964,
    1.4281541109085083,
    1.0264211893081665,
    1.0571802854537964,
    0.9358281493186951,
    0.9214444756507874,
    0.7854817509651184,
    0.7691510319709778,
    0.7320348620414734,
    0.7510659098625183,
    0.7744982838630676,
    0.717922031879425,
    0.6900004148483276
  ],
  "val_accuracy": [
    0.4791252613067627,
    0.5139164924621582,
    0.5367793440818787,
    0.4443340003490448,
    0.49602386355400085,
    0.35188865661621094,
    0.47713717818260193,
    0.49105367064476013,
    0.5318091511726379,
    0.5427435636520386,
    0.5417494773864746,
    0.538767397403717,
    0.5427435636520386,
    0.538767397403717,
    0.5298210978507996,
    0.5308151245117188,
    0.5318091511726379,
    0.525844931602478,
    0.5228628516197205,
    0.5198807120323181
  ],
  "val_loss": [
    1.082001805305481,
    0.8261687159538269,
    1.1308910846710205,
    4.174477577209473,
    4.6568732261657715,
    6.68527889251709,
    3.9954311847686768,
    4.472514629364014,
    3.562945604324341,
    2.90828800201416,
    2.9211931228637695,
    2.7919421195983887,
    2.707909345626831,
    2.707287311553955,
    2.731346368789673,
    2.8113644123077393,
    2.928882122039795,
    3.058103084564209,
    3.177976131439209,
    3.281996965408325
  ],
  "learning_rate": [
    0.0010000000474974513,
    0.0010000000474974513,
    0.0010000000474974513,
    0.0010000000474974513,
    0.0010000000474974513,
    0.0010000000474974513,
    0.0010000000474974513,
    0.0005000000237487257,
    0.0005000000237487257,
    0.0005000000237487257,
    0.0005000000237487257,
    0.0005000000237487257,
    0.0002500000118743628,
    0.0002500000118743628,
    0.0002500000118743628,
    0.0002500000118743628,
    0.0002500000118743628,
    0.0001250000059371814,
    0.0001250000059371814,
    0.0001250000059371814
  ]
}